location_name,geocodes_location,x,y,note
北京大学人民医院白塔寺院区,"116.366224,39.924753",116.366224,39.924753,出生地
什刹海街道政务服务中心,"116.380275,39.93399",116.380275,39.93399,青年时期工作地
帽儿胡同,"116.396832,39.936756",116.396832,39.936756,1993年最后的北京行提到想去朋友居住的胡同的帽子店
地安门桥,"116.395756,39.935697",116.395756,39.935697,1993年最后的北京行前往地安门桥下书店